issue,recall,n
Other transaction problem,0.0,8
Problem with a lender or other company charging your account,0.0,8
Written notification about debt,0.0,8
Fraud or scam,0.38,24
Problem with a purchase shown on your statement,0.55,11
Improper use of your report,0.58,12
Managing an account,0.62,26
Other,0.65,89
Attempts to collect debt not owed,0.67,21
Incorrect information on your report,0.67,24
Problem with a credit reporting company's investigation into an existing problem,0.68,25
Trouble during payment process,0.82,33
Struggling to pay mortgage,0.91,11
